-- phpMyAdmin SQL Dump
-- version 4.8.5
-- https://www.phpmyadmin.net/
--
-- Host: localhost:3306
-- Generation Time: Jun 06, 2023 at 11:35 PM
-- Server version: 5.7.33
-- PHP Version: 7.4.19

SET SQL_MODE = "NO_AUTO_VALUE_ON_ZERO";
SET AUTOCOMMIT = 0;
START TRANSACTION;
SET time_zone = "+00:00";


/*!40101 SET @OLD_CHARACTER_SET_CLIENT=@@CHARACTER_SET_CLIENT */;
/*!40101 SET @OLD_CHARACTER_SET_RESULTS=@@CHARACTER_SET_RESULTS */;
/*!40101 SET @OLD_COLLATION_CONNECTION=@@COLLATION_CONNECTION */;
/*!40101 SET NAMES utf8mb4 */;

--
-- Database: `laravel-voting-api`
--

-- --------------------------------------------------------

--
-- Table structure for table `failed_jobs`
--

CREATE TABLE `failed_jobs` (
  `id` bigint(20) UNSIGNED NOT NULL,
  `uuid` varchar(255) COLLATE utf8mb4_unicode_ci NOT NULL,
  `connection` text COLLATE utf8mb4_unicode_ci NOT NULL,
  `queue` text COLLATE utf8mb4_unicode_ci NOT NULL,
  `payload` longtext COLLATE utf8mb4_unicode_ci NOT NULL,
  `exception` longtext COLLATE utf8mb4_unicode_ci NOT NULL,
  `failed_at` timestamp NOT NULL DEFAULT CURRENT_TIMESTAMP
) ENGINE=InnoDB DEFAULT CHARSET=utf8mb4 COLLATE=utf8mb4_unicode_ci;

-- --------------------------------------------------------

--
-- Table structure for table `jobs`
--

CREATE TABLE `jobs` (
  `id` bigint(20) UNSIGNED NOT NULL,
  `queue` varchar(255) COLLATE utf8mb4_unicode_ci NOT NULL,
  `payload` longtext COLLATE utf8mb4_unicode_ci NOT NULL,
  `attempts` tinyint(3) UNSIGNED NOT NULL,
  `reserved_at` int(10) UNSIGNED DEFAULT NULL,
  `available_at` int(10) UNSIGNED NOT NULL,
  `created_at` int(10) UNSIGNED NOT NULL
) ENGINE=InnoDB DEFAULT CHARSET=utf8mb4 COLLATE=utf8mb4_unicode_ci;

--
-- Dumping data for table `jobs`
--

INSERT INTO `jobs` (`id`, `queue`, `payload`, `attempts`, `reserved_at`, `available_at`, `created_at`) VALUES
(1, 'default', '{\"uuid\":\"ea5a275f-fb9f-4e7c-a146-8f484e145839\",\"displayName\":\"App\\\\Mail\\\\SendMail\",\"job\":\"Illuminate\\\\Queue\\\\CallQueuedHandler@call\",\"maxTries\":null,\"maxExceptions\":null,\"failOnTimeout\":false,\"backoff\":null,\"timeout\":null,\"retryUntil\":null,\"data\":{\"commandName\":\"Illuminate\\\\Mail\\\\SendQueuedMailable\",\"command\":\"O:34:\\\"Illuminate\\\\Mail\\\\SendQueuedMailable\\\":13:{s:8:\\\"mailable\\\";O:17:\\\"App\\\\Mail\\\\SendMail\\\":28:{s:6:\\\"locale\\\";N;s:4:\\\"from\\\";a:0:{}s:2:\\\"to\\\";a:0:{}s:2:\\\"cc\\\";a:0:{}s:3:\\\"bcc\\\";a:0:{}s:7:\\\"replyTo\\\";a:0:{}s:7:\\\"subject\\\";N;s:8:\\\"markdown\\\";N;s:7:\\\"\\u0000*\\u0000html\\\";N;s:4:\\\"view\\\";N;s:8:\\\"textView\\\";N;s:8:\\\"viewData\\\";a:0:{}s:11:\\\"attachments\\\";a:0:{}s:14:\\\"rawAttachments\\\";a:0:{}s:15:\\\"diskAttachments\\\";a:0:{}s:9:\\\"callbacks\\\";a:0:{}s:5:\\\"theme\\\";N;s:6:\\\"mailer\\\";s:4:\\\"smtp\\\";s:29:\\\"\\u0000*\\u0000assertionableRenderStrings\\\";N;s:10:\\\"connection\\\";N;s:5:\\\"queue\\\";N;s:15:\\\"chainConnection\\\";N;s:10:\\\"chainQueue\\\";N;s:19:\\\"chainCatchCallbacks\\\";N;s:5:\\\"delay\\\";N;s:11:\\\"afterCommit\\\";N;s:10:\\\"middleware\\\";a:0:{}s:7:\\\"chained\\\";a:0:{}}s:5:\\\"tries\\\";N;s:7:\\\"timeout\\\";N;s:17:\\\"shouldBeEncrypted\\\";b:0;s:10:\\\"connection\\\";N;s:5:\\\"queue\\\";N;s:15:\\\"chainConnection\\\";N;s:10:\\\"chainQueue\\\";N;s:19:\\\"chainCatchCallbacks\\\";N;s:5:\\\"delay\\\";N;s:11:\\\"afterCommit\\\";N;s:10:\\\"middleware\\\";a:0:{}s:7:\\\"chained\\\";a:0:{}}\"}}', 0, NULL, 1686087781, 1686087781),
(2, 'default', '{\"uuid\":\"d77044df-c864-4224-be68-0f6a54ac9b6a\",\"displayName\":\"App\\\\Mail\\\\SendMail\",\"job\":\"Illuminate\\\\Queue\\\\CallQueuedHandler@call\",\"maxTries\":null,\"maxExceptions\":null,\"failOnTimeout\":false,\"backoff\":null,\"timeout\":null,\"retryUntil\":null,\"data\":{\"commandName\":\"Illuminate\\\\Mail\\\\SendQueuedMailable\",\"command\":\"O:34:\\\"Illuminate\\\\Mail\\\\SendQueuedMailable\\\":13:{s:8:\\\"mailable\\\";O:17:\\\"App\\\\Mail\\\\SendMail\\\":28:{s:6:\\\"locale\\\";N;s:4:\\\"from\\\";a:0:{}s:2:\\\"to\\\";a:0:{}s:2:\\\"cc\\\";a:0:{}s:3:\\\"bcc\\\";a:0:{}s:7:\\\"replyTo\\\";a:0:{}s:7:\\\"subject\\\";N;s:8:\\\"markdown\\\";N;s:7:\\\"\\u0000*\\u0000html\\\";N;s:4:\\\"view\\\";N;s:8:\\\"textView\\\";N;s:8:\\\"viewData\\\";a:0:{}s:11:\\\"attachments\\\";a:0:{}s:14:\\\"rawAttachments\\\";a:0:{}s:15:\\\"diskAttachments\\\";a:0:{}s:9:\\\"callbacks\\\";a:0:{}s:5:\\\"theme\\\";N;s:6:\\\"mailer\\\";s:4:\\\"smtp\\\";s:29:\\\"\\u0000*\\u0000assertionableRenderStrings\\\";N;s:10:\\\"connection\\\";N;s:5:\\\"queue\\\";N;s:15:\\\"chainConnection\\\";N;s:10:\\\"chainQueue\\\";N;s:19:\\\"chainCatchCallbacks\\\";N;s:5:\\\"delay\\\";N;s:11:\\\"afterCommit\\\";N;s:10:\\\"middleware\\\";a:0:{}s:7:\\\"chained\\\";a:0:{}}s:5:\\\"tries\\\";N;s:7:\\\"timeout\\\";N;s:17:\\\"shouldBeEncrypted\\\";b:0;s:10:\\\"connection\\\";N;s:5:\\\"queue\\\";N;s:15:\\\"chainConnection\\\";N;s:10:\\\"chainQueue\\\";N;s:19:\\\"chainCatchCallbacks\\\";N;s:5:\\\"delay\\\";N;s:11:\\\"afterCommit\\\";N;s:10:\\\"middleware\\\";a:0:{}s:7:\\\"chained\\\";a:0:{}}\"}}', 0, NULL, 1686088089, 1686088089),
(3, 'default', '{\"uuid\":\"299726fd-e7c4-468b-990d-bd31e767e67b\",\"displayName\":\"App\\\\Mail\\\\SendMail\",\"job\":\"Illuminate\\\\Queue\\\\CallQueuedHandler@call\",\"maxTries\":null,\"maxExceptions\":null,\"failOnTimeout\":false,\"backoff\":null,\"timeout\":null,\"retryUntil\":null,\"data\":{\"commandName\":\"Illuminate\\\\Mail\\\\SendQueuedMailable\",\"command\":\"O:34:\\\"Illuminate\\\\Mail\\\\SendQueuedMailable\\\":13:{s:8:\\\"mailable\\\";O:17:\\\"App\\\\Mail\\\\SendMail\\\":28:{s:6:\\\"locale\\\";N;s:4:\\\"from\\\";a:0:{}s:2:\\\"to\\\";a:0:{}s:2:\\\"cc\\\";a:0:{}s:3:\\\"bcc\\\";a:0:{}s:7:\\\"replyTo\\\";a:0:{}s:7:\\\"subject\\\";N;s:8:\\\"markdown\\\";N;s:7:\\\"\\u0000*\\u0000html\\\";N;s:4:\\\"view\\\";N;s:8:\\\"textView\\\";N;s:8:\\\"viewData\\\";a:0:{}s:11:\\\"attachments\\\";a:0:{}s:14:\\\"rawAttachments\\\";a:0:{}s:15:\\\"diskAttachments\\\";a:0:{}s:9:\\\"callbacks\\\";a:0:{}s:5:\\\"theme\\\";N;s:6:\\\"mailer\\\";s:4:\\\"smtp\\\";s:29:\\\"\\u0000*\\u0000assertionableRenderStrings\\\";N;s:10:\\\"connection\\\";N;s:5:\\\"queue\\\";N;s:15:\\\"chainConnection\\\";N;s:10:\\\"chainQueue\\\";N;s:19:\\\"chainCatchCallbacks\\\";N;s:5:\\\"delay\\\";N;s:11:\\\"afterCommit\\\";N;s:10:\\\"middleware\\\";a:0:{}s:7:\\\"chained\\\";a:0:{}}s:5:\\\"tries\\\";N;s:7:\\\"timeout\\\";N;s:17:\\\"shouldBeEncrypted\\\";b:0;s:10:\\\"connection\\\";N;s:5:\\\"queue\\\";N;s:15:\\\"chainConnection\\\";N;s:10:\\\"chainQueue\\\";N;s:19:\\\"chainCatchCallbacks\\\";N;s:5:\\\"delay\\\";N;s:11:\\\"afterCommit\\\";N;s:10:\\\"middleware\\\";a:0:{}s:7:\\\"chained\\\";a:0:{}}\"}}', 0, NULL, 1686088414, 1686088414),
(4, 'default', '{\"uuid\":\"752211eb-85cc-4a66-bd79-a6cbb9afd145\",\"displayName\":\"App\\\\Mail\\\\SendMail\",\"job\":\"Illuminate\\\\Queue\\\\CallQueuedHandler@call\",\"maxTries\":null,\"maxExceptions\":null,\"failOnTimeout\":false,\"backoff\":null,\"timeout\":null,\"retryUntil\":null,\"data\":{\"commandName\":\"Illuminate\\\\Mail\\\\SendQueuedMailable\",\"command\":\"O:34:\\\"Illuminate\\\\Mail\\\\SendQueuedMailable\\\":13:{s:8:\\\"mailable\\\";O:17:\\\"App\\\\Mail\\\\SendMail\\\":28:{s:6:\\\"locale\\\";N;s:4:\\\"from\\\";a:0:{}s:2:\\\"to\\\";a:0:{}s:2:\\\"cc\\\";a:0:{}s:3:\\\"bcc\\\";a:0:{}s:7:\\\"replyTo\\\";a:0:{}s:7:\\\"subject\\\";N;s:8:\\\"markdown\\\";N;s:7:\\\"\\u0000*\\u0000html\\\";N;s:4:\\\"view\\\";N;s:8:\\\"textView\\\";N;s:8:\\\"viewData\\\";a:0:{}s:11:\\\"attachments\\\";a:0:{}s:14:\\\"rawAttachments\\\";a:0:{}s:15:\\\"diskAttachments\\\";a:0:{}s:9:\\\"callbacks\\\";a:0:{}s:5:\\\"theme\\\";N;s:6:\\\"mailer\\\";s:4:\\\"smtp\\\";s:29:\\\"\\u0000*\\u0000assertionableRenderStrings\\\";N;s:10:\\\"connection\\\";N;s:5:\\\"queue\\\";N;s:15:\\\"chainConnection\\\";N;s:10:\\\"chainQueue\\\";N;s:19:\\\"chainCatchCallbacks\\\";N;s:5:\\\"delay\\\";N;s:11:\\\"afterCommit\\\";N;s:10:\\\"middleware\\\";a:0:{}s:7:\\\"chained\\\";a:0:{}}s:5:\\\"tries\\\";N;s:7:\\\"timeout\\\";N;s:17:\\\"shouldBeEncrypted\\\";b:0;s:10:\\\"connection\\\";N;s:5:\\\"queue\\\";N;s:15:\\\"chainConnection\\\";N;s:10:\\\"chainQueue\\\";N;s:19:\\\"chainCatchCallbacks\\\";N;s:5:\\\"delay\\\";N;s:11:\\\"afterCommit\\\";N;s:10:\\\"middleware\\\";a:0:{}s:7:\\\"chained\\\";a:0:{}}\"}}', 0, NULL, 1686089844, 1686089844),
(5, 'default', '{\"uuid\":\"a06546f7-6258-41df-8154-d7fcda0c81b8\",\"displayName\":\"App\\\\Mail\\\\SendMail\",\"job\":\"Illuminate\\\\Queue\\\\CallQueuedHandler@call\",\"maxTries\":null,\"maxExceptions\":null,\"failOnTimeout\":false,\"backoff\":null,\"timeout\":null,\"retryUntil\":null,\"data\":{\"commandName\":\"Illuminate\\\\Mail\\\\SendQueuedMailable\",\"command\":\"O:34:\\\"Illuminate\\\\Mail\\\\SendQueuedMailable\\\":13:{s:8:\\\"mailable\\\";O:17:\\\"App\\\\Mail\\\\SendMail\\\":28:{s:6:\\\"locale\\\";N;s:4:\\\"from\\\";a:0:{}s:2:\\\"to\\\";a:0:{}s:2:\\\"cc\\\";a:0:{}s:3:\\\"bcc\\\";a:0:{}s:7:\\\"replyTo\\\";a:0:{}s:7:\\\"subject\\\";N;s:8:\\\"markdown\\\";N;s:7:\\\"\\u0000*\\u0000html\\\";N;s:4:\\\"view\\\";N;s:8:\\\"textView\\\";N;s:8:\\\"viewData\\\";a:0:{}s:11:\\\"attachments\\\";a:0:{}s:14:\\\"rawAttachments\\\";a:0:{}s:15:\\\"diskAttachments\\\";a:0:{}s:9:\\\"callbacks\\\";a:0:{}s:5:\\\"theme\\\";N;s:6:\\\"mailer\\\";s:4:\\\"smtp\\\";s:29:\\\"\\u0000*\\u0000assertionableRenderStrings\\\";N;s:10:\\\"connection\\\";N;s:5:\\\"queue\\\";N;s:15:\\\"chainConnection\\\";N;s:10:\\\"chainQueue\\\";N;s:19:\\\"chainCatchCallbacks\\\";N;s:5:\\\"delay\\\";N;s:11:\\\"afterCommit\\\";N;s:10:\\\"middleware\\\";a:0:{}s:7:\\\"chained\\\";a:0:{}}s:5:\\\"tries\\\";N;s:7:\\\"timeout\\\";N;s:17:\\\"shouldBeEncrypted\\\";b:0;s:10:\\\"connection\\\";N;s:5:\\\"queue\\\";N;s:15:\\\"chainConnection\\\";N;s:10:\\\"chainQueue\\\";N;s:19:\\\"chainCatchCallbacks\\\";N;s:5:\\\"delay\\\";N;s:11:\\\"afterCommit\\\";N;s:10:\\\"middleware\\\";a:0:{}s:7:\\\"chained\\\";a:0:{}}\"}}', 0, NULL, 1686091066, 1686091066),
(6, 'default', '{\"uuid\":\"b32954e0-e2b9-433b-81c0-1996fa2a2720\",\"displayName\":\"App\\\\Mail\\\\SendMail\",\"job\":\"Illuminate\\\\Queue\\\\CallQueuedHandler@call\",\"maxTries\":null,\"maxExceptions\":null,\"failOnTimeout\":false,\"backoff\":null,\"timeout\":null,\"retryUntil\":null,\"data\":{\"commandName\":\"Illuminate\\\\Mail\\\\SendQueuedMailable\",\"command\":\"O:34:\\\"Illuminate\\\\Mail\\\\SendQueuedMailable\\\":13:{s:8:\\\"mailable\\\";O:17:\\\"App\\\\Mail\\\\SendMail\\\":28:{s:6:\\\"locale\\\";N;s:4:\\\"from\\\";a:0:{}s:2:\\\"to\\\";a:0:{}s:2:\\\"cc\\\";a:0:{}s:3:\\\"bcc\\\";a:0:{}s:7:\\\"replyTo\\\";a:0:{}s:7:\\\"subject\\\";N;s:8:\\\"markdown\\\";N;s:7:\\\"\\u0000*\\u0000html\\\";N;s:4:\\\"view\\\";N;s:8:\\\"textView\\\";N;s:8:\\\"viewData\\\";a:0:{}s:11:\\\"attachments\\\";a:0:{}s:14:\\\"rawAttachments\\\";a:0:{}s:15:\\\"diskAttachments\\\";a:0:{}s:9:\\\"callbacks\\\";a:0:{}s:5:\\\"theme\\\";N;s:6:\\\"mailer\\\";s:4:\\\"smtp\\\";s:29:\\\"\\u0000*\\u0000assertionableRenderStrings\\\";N;s:10:\\\"connection\\\";N;s:5:\\\"queue\\\";N;s:15:\\\"chainConnection\\\";N;s:10:\\\"chainQueue\\\";N;s:19:\\\"chainCatchCallbacks\\\";N;s:5:\\\"delay\\\";N;s:11:\\\"afterCommit\\\";N;s:10:\\\"middleware\\\";a:0:{}s:7:\\\"chained\\\";a:0:{}}s:5:\\\"tries\\\";N;s:7:\\\"timeout\\\";N;s:17:\\\"shouldBeEncrypted\\\";b:0;s:10:\\\"connection\\\";N;s:5:\\\"queue\\\";N;s:15:\\\"chainConnection\\\";N;s:10:\\\"chainQueue\\\";N;s:19:\\\"chainCatchCallbacks\\\";N;s:5:\\\"delay\\\";N;s:11:\\\"afterCommit\\\";N;s:10:\\\"middleware\\\";a:0:{}s:7:\\\"chained\\\";a:0:{}}\"}}', 0, NULL, 1686091209, 1686091209),
(7, 'default', '{\"uuid\":\"65a88bf9-5416-466f-b28f-540e34e857ea\",\"displayName\":\"App\\\\Mail\\\\SendMail\",\"job\":\"Illuminate\\\\Queue\\\\CallQueuedHandler@call\",\"maxTries\":null,\"maxExceptions\":null,\"failOnTimeout\":false,\"backoff\":null,\"timeout\":null,\"retryUntil\":null,\"data\":{\"commandName\":\"Illuminate\\\\Mail\\\\SendQueuedMailable\",\"command\":\"O:34:\\\"Illuminate\\\\Mail\\\\SendQueuedMailable\\\":13:{s:8:\\\"mailable\\\";O:17:\\\"App\\\\Mail\\\\SendMail\\\":28:{s:6:\\\"locale\\\";N;s:4:\\\"from\\\";a:0:{}s:2:\\\"to\\\";a:0:{}s:2:\\\"cc\\\";a:0:{}s:3:\\\"bcc\\\";a:0:{}s:7:\\\"replyTo\\\";a:0:{}s:7:\\\"subject\\\";N;s:8:\\\"markdown\\\";N;s:7:\\\"\\u0000*\\u0000html\\\";N;s:4:\\\"view\\\";N;s:8:\\\"textView\\\";N;s:8:\\\"viewData\\\";a:0:{}s:11:\\\"attachments\\\";a:0:{}s:14:\\\"rawAttachments\\\";a:0:{}s:15:\\\"diskAttachments\\\";a:0:{}s:9:\\\"callbacks\\\";a:0:{}s:5:\\\"theme\\\";N;s:6:\\\"mailer\\\";s:4:\\\"smtp\\\";s:29:\\\"\\u0000*\\u0000assertionableRenderStrings\\\";N;s:10:\\\"connection\\\";N;s:5:\\\"queue\\\";N;s:15:\\\"chainConnection\\\";N;s:10:\\\"chainQueue\\\";N;s:19:\\\"chainCatchCallbacks\\\";N;s:5:\\\"delay\\\";N;s:11:\\\"afterCommit\\\";N;s:10:\\\"middleware\\\";a:0:{}s:7:\\\"chained\\\";a:0:{}}s:5:\\\"tries\\\";N;s:7:\\\"timeout\\\";N;s:17:\\\"shouldBeEncrypted\\\";b:0;s:10:\\\"connection\\\";N;s:5:\\\"queue\\\";N;s:15:\\\"chainConnection\\\";N;s:10:\\\"chainQueue\\\";N;s:19:\\\"chainCatchCallbacks\\\";N;s:5:\\\"delay\\\";N;s:11:\\\"afterCommit\\\";N;s:10:\\\"middleware\\\";a:0:{}s:7:\\\"chained\\\";a:0:{}}\"}}', 0, NULL, 1686091304, 1686091304),
(8, 'default', '{\"uuid\":\"abd91aed-3835-4ecf-b4ad-6a46f383a4d2\",\"displayName\":\"App\\\\Mail\\\\SendMail\",\"job\":\"Illuminate\\\\Queue\\\\CallQueuedHandler@call\",\"maxTries\":null,\"maxExceptions\":null,\"failOnTimeout\":false,\"backoff\":null,\"timeout\":null,\"retryUntil\":null,\"data\":{\"commandName\":\"Illuminate\\\\Mail\\\\SendQueuedMailable\",\"command\":\"O:34:\\\"Illuminate\\\\Mail\\\\SendQueuedMailable\\\":13:{s:8:\\\"mailable\\\";O:17:\\\"App\\\\Mail\\\\SendMail\\\":28:{s:6:\\\"locale\\\";N;s:4:\\\"from\\\";a:0:{}s:2:\\\"to\\\";a:0:{}s:2:\\\"cc\\\";a:0:{}s:3:\\\"bcc\\\";a:0:{}s:7:\\\"replyTo\\\";a:0:{}s:7:\\\"subject\\\";N;s:8:\\\"markdown\\\";N;s:7:\\\"\\u0000*\\u0000html\\\";N;s:4:\\\"view\\\";N;s:8:\\\"textView\\\";N;s:8:\\\"viewData\\\";a:0:{}s:11:\\\"attachments\\\";a:0:{}s:14:\\\"rawAttachments\\\";a:0:{}s:15:\\\"diskAttachments\\\";a:0:{}s:9:\\\"callbacks\\\";a:0:{}s:5:\\\"theme\\\";N;s:6:\\\"mailer\\\";s:4:\\\"smtp\\\";s:29:\\\"\\u0000*\\u0000assertionableRenderStrings\\\";N;s:10:\\\"connection\\\";N;s:5:\\\"queue\\\";N;s:15:\\\"chainConnection\\\";N;s:10:\\\"chainQueue\\\";N;s:19:\\\"chainCatchCallbacks\\\";N;s:5:\\\"delay\\\";N;s:11:\\\"afterCommit\\\";N;s:10:\\\"middleware\\\";a:0:{}s:7:\\\"chained\\\";a:0:{}}s:5:\\\"tries\\\";N;s:7:\\\"timeout\\\";N;s:17:\\\"shouldBeEncrypted\\\";b:0;s:10:\\\"connection\\\";N;s:5:\\\"queue\\\";N;s:15:\\\"chainConnection\\\";N;s:10:\\\"chainQueue\\\";N;s:19:\\\"chainCatchCallbacks\\\";N;s:5:\\\"delay\\\";N;s:11:\\\"afterCommit\\\";N;s:10:\\\"middleware\\\";a:0:{}s:7:\\\"chained\\\";a:0:{}}\"}}', 0, NULL, 1686091390, 1686091390),
(9, 'default', '{\"uuid\":\"9f9fac5a-f755-4fee-8531-9a1d9f194550\",\"displayName\":\"App\\\\Mail\\\\SendMail\",\"job\":\"Illuminate\\\\Queue\\\\CallQueuedHandler@call\",\"maxTries\":null,\"maxExceptions\":null,\"failOnTimeout\":false,\"backoff\":null,\"timeout\":null,\"retryUntil\":null,\"data\":{\"commandName\":\"Illuminate\\\\Mail\\\\SendQueuedMailable\",\"command\":\"O:34:\\\"Illuminate\\\\Mail\\\\SendQueuedMailable\\\":13:{s:8:\\\"mailable\\\";O:17:\\\"App\\\\Mail\\\\SendMail\\\":28:{s:6:\\\"locale\\\";N;s:4:\\\"from\\\";a:0:{}s:2:\\\"to\\\";a:0:{}s:2:\\\"cc\\\";a:0:{}s:3:\\\"bcc\\\";a:0:{}s:7:\\\"replyTo\\\";a:0:{}s:7:\\\"subject\\\";N;s:8:\\\"markdown\\\";N;s:7:\\\"\\u0000*\\u0000html\\\";N;s:4:\\\"view\\\";N;s:8:\\\"textView\\\";N;s:8:\\\"viewData\\\";a:0:{}s:11:\\\"attachments\\\";a:0:{}s:14:\\\"rawAttachments\\\";a:0:{}s:15:\\\"diskAttachments\\\";a:0:{}s:9:\\\"callbacks\\\";a:0:{}s:5:\\\"theme\\\";N;s:6:\\\"mailer\\\";s:4:\\\"smtp\\\";s:29:\\\"\\u0000*\\u0000assertionableRenderStrings\\\";N;s:10:\\\"connection\\\";N;s:5:\\\"queue\\\";N;s:15:\\\"chainConnection\\\";N;s:10:\\\"chainQueue\\\";N;s:19:\\\"chainCatchCallbacks\\\";N;s:5:\\\"delay\\\";N;s:11:\\\"afterCommit\\\";N;s:10:\\\"middleware\\\";a:0:{}s:7:\\\"chained\\\";a:0:{}}s:5:\\\"tries\\\";N;s:7:\\\"timeout\\\";N;s:17:\\\"shouldBeEncrypted\\\";b:0;s:10:\\\"connection\\\";N;s:5:\\\"queue\\\";N;s:15:\\\"chainConnection\\\";N;s:10:\\\"chainQueue\\\";N;s:19:\\\"chainCatchCallbacks\\\";N;s:5:\\\"delay\\\";N;s:11:\\\"afterCommit\\\";N;s:10:\\\"middleware\\\";a:0:{}s:7:\\\"chained\\\";a:0:{}}\"}}', 0, NULL, 1686091394, 1686091394),
(10, 'default', '{\"uuid\":\"af351f40-dabb-4c1c-93c3-f9c1920a8031\",\"displayName\":\"App\\\\Mail\\\\SendMail\",\"job\":\"Illuminate\\\\Queue\\\\CallQueuedHandler@call\",\"maxTries\":null,\"maxExceptions\":null,\"failOnTimeout\":false,\"backoff\":null,\"timeout\":null,\"retryUntil\":null,\"data\":{\"commandName\":\"Illuminate\\\\Mail\\\\SendQueuedMailable\",\"command\":\"O:34:\\\"Illuminate\\\\Mail\\\\SendQueuedMailable\\\":13:{s:8:\\\"mailable\\\";O:17:\\\"App\\\\Mail\\\\SendMail\\\":28:{s:6:\\\"locale\\\";N;s:4:\\\"from\\\";a:0:{}s:2:\\\"to\\\";a:0:{}s:2:\\\"cc\\\";a:0:{}s:3:\\\"bcc\\\";a:0:{}s:7:\\\"replyTo\\\";a:0:{}s:7:\\\"subject\\\";N;s:8:\\\"markdown\\\";N;s:7:\\\"\\u0000*\\u0000html\\\";N;s:4:\\\"view\\\";N;s:8:\\\"textView\\\";N;s:8:\\\"viewData\\\";a:0:{}s:11:\\\"attachments\\\";a:0:{}s:14:\\\"rawAttachments\\\";a:0:{}s:15:\\\"diskAttachments\\\";a:0:{}s:9:\\\"callbacks\\\";a:0:{}s:5:\\\"theme\\\";N;s:6:\\\"mailer\\\";s:4:\\\"smtp\\\";s:29:\\\"\\u0000*\\u0000assertionableRenderStrings\\\";N;s:10:\\\"connection\\\";N;s:5:\\\"queue\\\";N;s:15:\\\"chainConnection\\\";N;s:10:\\\"chainQueue\\\";N;s:19:\\\"chainCatchCallbacks\\\";N;s:5:\\\"delay\\\";N;s:11:\\\"afterCommit\\\";N;s:10:\\\"middleware\\\";a:0:{}s:7:\\\"chained\\\";a:0:{}}s:5:\\\"tries\\\";N;s:7:\\\"timeout\\\";N;s:17:\\\"shouldBeEncrypted\\\";b:0;s:10:\\\"connection\\\";N;s:5:\\\"queue\\\";N;s:15:\\\"chainConnection\\\";N;s:10:\\\"chainQueue\\\";N;s:19:\\\"chainCatchCallbacks\\\";N;s:5:\\\"delay\\\";N;s:11:\\\"afterCommit\\\";N;s:10:\\\"middleware\\\";a:0:{}s:7:\\\"chained\\\";a:0:{}}\"}}', 0, NULL, 1686091767, 1686091767),
(11, 'default', '{\"uuid\":\"f7a34a17-8b01-4fbc-b790-574feb7f93a7\",\"displayName\":\"App\\\\Mail\\\\SendMail\",\"job\":\"Illuminate\\\\Queue\\\\CallQueuedHandler@call\",\"maxTries\":null,\"maxExceptions\":null,\"failOnTimeout\":false,\"backoff\":null,\"timeout\":null,\"retryUntil\":null,\"data\":{\"commandName\":\"Illuminate\\\\Mail\\\\SendQueuedMailable\",\"command\":\"O:34:\\\"Illuminate\\\\Mail\\\\SendQueuedMailable\\\":13:{s:8:\\\"mailable\\\";O:17:\\\"App\\\\Mail\\\\SendMail\\\":28:{s:6:\\\"locale\\\";N;s:4:\\\"from\\\";a:0:{}s:2:\\\"to\\\";a:0:{}s:2:\\\"cc\\\";a:0:{}s:3:\\\"bcc\\\";a:0:{}s:7:\\\"replyTo\\\";a:0:{}s:7:\\\"subject\\\";N;s:8:\\\"markdown\\\";N;s:7:\\\"\\u0000*\\u0000html\\\";N;s:4:\\\"view\\\";N;s:8:\\\"textView\\\";N;s:8:\\\"viewData\\\";a:0:{}s:11:\\\"attachments\\\";a:0:{}s:14:\\\"rawAttachments\\\";a:0:{}s:15:\\\"diskAttachments\\\";a:0:{}s:9:\\\"callbacks\\\";a:0:{}s:5:\\\"theme\\\";N;s:6:\\\"mailer\\\";s:4:\\\"smtp\\\";s:29:\\\"\\u0000*\\u0000assertionableRenderStrings\\\";N;s:10:\\\"connection\\\";N;s:5:\\\"queue\\\";N;s:15:\\\"chainConnection\\\";N;s:10:\\\"chainQueue\\\";N;s:19:\\\"chainCatchCallbacks\\\";N;s:5:\\\"delay\\\";N;s:11:\\\"afterCommit\\\";N;s:10:\\\"middleware\\\";a:0:{}s:7:\\\"chained\\\";a:0:{}}s:5:\\\"tries\\\";N;s:7:\\\"timeout\\\";N;s:17:\\\"shouldBeEncrypted\\\";b:0;s:10:\\\"connection\\\";N;s:5:\\\"queue\\\";N;s:15:\\\"chainConnection\\\";N;s:10:\\\"chainQueue\\\";N;s:19:\\\"chainCatchCallbacks\\\";N;s:5:\\\"delay\\\";N;s:11:\\\"afterCommit\\\";N;s:10:\\\"middleware\\\";a:0:{}s:7:\\\"chained\\\";a:0:{}}\"}}', 0, NULL, 1686091993, 1686091993),
(12, 'default', '{\"uuid\":\"c97943d5-1885-4e4e-a296-6dcfbe8772c7\",\"displayName\":\"App\\\\Mail\\\\SendMail\",\"job\":\"Illuminate\\\\Queue\\\\CallQueuedHandler@call\",\"maxTries\":null,\"maxExceptions\":null,\"failOnTimeout\":false,\"backoff\":null,\"timeout\":null,\"retryUntil\":null,\"data\":{\"commandName\":\"Illuminate\\\\Mail\\\\SendQueuedMailable\",\"command\":\"O:34:\\\"Illuminate\\\\Mail\\\\SendQueuedMailable\\\":13:{s:8:\\\"mailable\\\";O:17:\\\"App\\\\Mail\\\\SendMail\\\":28:{s:6:\\\"locale\\\";N;s:4:\\\"from\\\";a:0:{}s:2:\\\"to\\\";a:0:{}s:2:\\\"cc\\\";a:0:{}s:3:\\\"bcc\\\";a:0:{}s:7:\\\"replyTo\\\";a:0:{}s:7:\\\"subject\\\";N;s:8:\\\"markdown\\\";N;s:7:\\\"\\u0000*\\u0000html\\\";N;s:4:\\\"view\\\";N;s:8:\\\"textView\\\";N;s:8:\\\"viewData\\\";a:0:{}s:11:\\\"attachments\\\";a:0:{}s:14:\\\"rawAttachments\\\";a:0:{}s:15:\\\"diskAttachments\\\";a:0:{}s:9:\\\"callbacks\\\";a:0:{}s:5:\\\"theme\\\";N;s:6:\\\"mailer\\\";s:4:\\\"smtp\\\";s:29:\\\"\\u0000*\\u0000assertionableRenderStrings\\\";N;s:10:\\\"connection\\\";N;s:5:\\\"queue\\\";N;s:15:\\\"chainConnection\\\";N;s:10:\\\"chainQueue\\\";N;s:19:\\\"chainCatchCallbacks\\\";N;s:5:\\\"delay\\\";N;s:11:\\\"afterCommit\\\";N;s:10:\\\"middleware\\\";a:0:{}s:7:\\\"chained\\\";a:0:{}}s:5:\\\"tries\\\";N;s:7:\\\"timeout\\\";N;s:17:\\\"shouldBeEncrypted\\\";b:0;s:10:\\\"connection\\\";N;s:5:\\\"queue\\\";N;s:15:\\\"chainConnection\\\";N;s:10:\\\"chainQueue\\\";N;s:19:\\\"chainCatchCallbacks\\\";N;s:5:\\\"delay\\\";N;s:11:\\\"afterCommit\\\";N;s:10:\\\"middleware\\\";a:0:{}s:7:\\\"chained\\\";a:0:{}}\"}}', 0, NULL, 1686092039, 1686092039),
(13, 'default', '{\"uuid\":\"6e171f30-debf-44f9-8f18-1d293d473654\",\"displayName\":\"App\\\\Mail\\\\SendMail\",\"job\":\"Illuminate\\\\Queue\\\\CallQueuedHandler@call\",\"maxTries\":null,\"maxExceptions\":null,\"failOnTimeout\":false,\"backoff\":null,\"timeout\":null,\"retryUntil\":null,\"data\":{\"commandName\":\"Illuminate\\\\Mail\\\\SendQueuedMailable\",\"command\":\"O:34:\\\"Illuminate\\\\Mail\\\\SendQueuedMailable\\\":13:{s:8:\\\"mailable\\\";O:17:\\\"App\\\\Mail\\\\SendMail\\\":28:{s:6:\\\"locale\\\";N;s:4:\\\"from\\\";a:0:{}s:2:\\\"to\\\";a:0:{}s:2:\\\"cc\\\";a:0:{}s:3:\\\"bcc\\\";a:0:{}s:7:\\\"replyTo\\\";a:0:{}s:7:\\\"subject\\\";N;s:8:\\\"markdown\\\";N;s:7:\\\"\\u0000*\\u0000html\\\";N;s:4:\\\"view\\\";N;s:8:\\\"textView\\\";N;s:8:\\\"viewData\\\";a:0:{}s:11:\\\"attachments\\\";a:0:{}s:14:\\\"rawAttachments\\\";a:0:{}s:15:\\\"diskAttachments\\\";a:0:{}s:9:\\\"callbacks\\\";a:0:{}s:5:\\\"theme\\\";N;s:6:\\\"mailer\\\";s:4:\\\"smtp\\\";s:29:\\\"\\u0000*\\u0000assertionableRenderStrings\\\";N;s:10:\\\"connection\\\";N;s:5:\\\"queue\\\";N;s:15:\\\"chainConnection\\\";N;s:10:\\\"chainQueue\\\";N;s:19:\\\"chainCatchCallbacks\\\";N;s:5:\\\"delay\\\";N;s:11:\\\"afterCommit\\\";N;s:10:\\\"middleware\\\";a:0:{}s:7:\\\"chained\\\";a:0:{}}s:5:\\\"tries\\\";N;s:7:\\\"timeout\\\";N;s:17:\\\"shouldBeEncrypted\\\";b:0;s:10:\\\"connection\\\";N;s:5:\\\"queue\\\";N;s:15:\\\"chainConnection\\\";N;s:10:\\\"chainQueue\\\";N;s:19:\\\"chainCatchCallbacks\\\";N;s:5:\\\"delay\\\";N;s:11:\\\"afterCommit\\\";N;s:10:\\\"middleware\\\";a:0:{}s:7:\\\"chained\\\";a:0:{}}\"}}', 0, NULL, 1686092445, 1686092445),
(14, 'default', '{\"uuid\":\"71734418-48ee-41bf-ad88-1a4e8598bcac\",\"displayName\":\"App\\\\Mail\\\\SendMail\",\"job\":\"Illuminate\\\\Queue\\\\CallQueuedHandler@call\",\"maxTries\":null,\"maxExceptions\":null,\"failOnTimeout\":false,\"backoff\":null,\"timeout\":null,\"retryUntil\":null,\"data\":{\"commandName\":\"Illuminate\\\\Mail\\\\SendQueuedMailable\",\"command\":\"O:34:\\\"Illuminate\\\\Mail\\\\SendQueuedMailable\\\":13:{s:8:\\\"mailable\\\";O:17:\\\"App\\\\Mail\\\\SendMail\\\":28:{s:6:\\\"locale\\\";N;s:4:\\\"from\\\";a:0:{}s:2:\\\"to\\\";a:0:{}s:2:\\\"cc\\\";a:0:{}s:3:\\\"bcc\\\";a:0:{}s:7:\\\"replyTo\\\";a:0:{}s:7:\\\"subject\\\";N;s:8:\\\"markdown\\\";N;s:7:\\\"\\u0000*\\u0000html\\\";N;s:4:\\\"view\\\";N;s:8:\\\"textView\\\";N;s:8:\\\"viewData\\\";a:0:{}s:11:\\\"attachments\\\";a:0:{}s:14:\\\"rawAttachments\\\";a:0:{}s:15:\\\"diskAttachments\\\";a:0:{}s:9:\\\"callbacks\\\";a:0:{}s:5:\\\"theme\\\";N;s:6:\\\"mailer\\\";s:4:\\\"smtp\\\";s:29:\\\"\\u0000*\\u0000assertionableRenderStrings\\\";N;s:10:\\\"connection\\\";N;s:5:\\\"queue\\\";N;s:15:\\\"chainConnection\\\";N;s:10:\\\"chainQueue\\\";N;s:19:\\\"chainCatchCallbacks\\\";N;s:5:\\\"delay\\\";N;s:11:\\\"afterCommit\\\";N;s:10:\\\"middleware\\\";a:0:{}s:7:\\\"chained\\\";a:0:{}}s:5:\\\"tries\\\";N;s:7:\\\"timeout\\\";N;s:17:\\\"shouldBeEncrypted\\\";b:0;s:10:\\\"connection\\\";N;s:5:\\\"queue\\\";N;s:15:\\\"chainConnection\\\";N;s:10:\\\"chainQueue\\\";N;s:19:\\\"chainCatchCallbacks\\\";N;s:5:\\\"delay\\\";N;s:11:\\\"afterCommit\\\";N;s:10:\\\"middleware\\\";a:0:{}s:7:\\\"chained\\\";a:0:{}}\"}}', 0, NULL, 1686092592, 1686092592),
(15, 'default', '{\"uuid\":\"2ebf2088-9a2a-4fd3-979a-e493ffca64cb\",\"displayName\":\"App\\\\Mail\\\\SendMail\",\"job\":\"Illuminate\\\\Queue\\\\CallQueuedHandler@call\",\"maxTries\":null,\"maxExceptions\":null,\"failOnTimeout\":false,\"backoff\":null,\"timeout\":null,\"retryUntil\":null,\"data\":{\"commandName\":\"Illuminate\\\\Mail\\\\SendQueuedMailable\",\"command\":\"O:34:\\\"Illuminate\\\\Mail\\\\SendQueuedMailable\\\":13:{s:8:\\\"mailable\\\";O:17:\\\"App\\\\Mail\\\\SendMail\\\":28:{s:6:\\\"locale\\\";N;s:4:\\\"from\\\";a:0:{}s:2:\\\"to\\\";a:0:{}s:2:\\\"cc\\\";a:0:{}s:3:\\\"bcc\\\";a:0:{}s:7:\\\"replyTo\\\";a:0:{}s:7:\\\"subject\\\";N;s:8:\\\"markdown\\\";N;s:7:\\\"\\u0000*\\u0000html\\\";N;s:4:\\\"view\\\";N;s:8:\\\"textView\\\";N;s:8:\\\"viewData\\\";a:0:{}s:11:\\\"attachments\\\";a:0:{}s:14:\\\"rawAttachments\\\";a:0:{}s:15:\\\"diskAttachments\\\";a:0:{}s:9:\\\"callbacks\\\";a:0:{}s:5:\\\"theme\\\";N;s:6:\\\"mailer\\\";s:4:\\\"smtp\\\";s:29:\\\"\\u0000*\\u0000assertionableRenderStrings\\\";N;s:10:\\\"connection\\\";N;s:5:\\\"queue\\\";N;s:15:\\\"chainConnection\\\";N;s:10:\\\"chainQueue\\\";N;s:19:\\\"chainCatchCallbacks\\\";N;s:5:\\\"delay\\\";N;s:11:\\\"afterCommit\\\";N;s:10:\\\"middleware\\\";a:0:{}s:7:\\\"chained\\\";a:0:{}}s:5:\\\"tries\\\";N;s:7:\\\"timeout\\\";N;s:17:\\\"shouldBeEncrypted\\\";b:0;s:10:\\\"connection\\\";N;s:5:\\\"queue\\\";N;s:15:\\\"chainConnection\\\";N;s:10:\\\"chainQueue\\\";N;s:19:\\\"chainCatchCallbacks\\\";N;s:5:\\\"delay\\\";N;s:11:\\\"afterCommit\\\";N;s:10:\\\"middleware\\\";a:0:{}s:7:\\\"chained\\\";a:0:{}}\"}}', 0, NULL, 1686092669, 1686092669),
(16, 'default', '{\"uuid\":\"368cd40b-782e-44f6-b1e3-a8cc6e200e4a\",\"displayName\":\"App\\\\Mail\\\\SendMail\",\"job\":\"Illuminate\\\\Queue\\\\CallQueuedHandler@call\",\"maxTries\":null,\"maxExceptions\":null,\"failOnTimeout\":false,\"backoff\":null,\"timeout\":null,\"retryUntil\":null,\"data\":{\"commandName\":\"Illuminate\\\\Mail\\\\SendQueuedMailable\",\"command\":\"O:34:\\\"Illuminate\\\\Mail\\\\SendQueuedMailable\\\":13:{s:8:\\\"mailable\\\";O:17:\\\"App\\\\Mail\\\\SendMail\\\":28:{s:6:\\\"locale\\\";N;s:4:\\\"from\\\";a:0:{}s:2:\\\"to\\\";a:0:{}s:2:\\\"cc\\\";a:0:{}s:3:\\\"bcc\\\";a:0:{}s:7:\\\"replyTo\\\";a:0:{}s:7:\\\"subject\\\";N;s:8:\\\"markdown\\\";N;s:7:\\\"\\u0000*\\u0000html\\\";N;s:4:\\\"view\\\";N;s:8:\\\"textView\\\";N;s:8:\\\"viewData\\\";a:0:{}s:11:\\\"attachments\\\";a:0:{}s:14:\\\"rawAttachments\\\";a:0:{}s:15:\\\"diskAttachments\\\";a:0:{}s:9:\\\"callbacks\\\";a:0:{}s:5:\\\"theme\\\";N;s:6:\\\"mailer\\\";s:4:\\\"smtp\\\";s:29:\\\"\\u0000*\\u0000assertionableRenderStrings\\\";N;s:10:\\\"connection\\\";N;s:5:\\\"queue\\\";N;s:15:\\\"chainConnection\\\";N;s:10:\\\"chainQueue\\\";N;s:19:\\\"chainCatchCallbacks\\\";N;s:5:\\\"delay\\\";N;s:11:\\\"afterCommit\\\";N;s:10:\\\"middleware\\\";a:0:{}s:7:\\\"chained\\\";a:0:{}}s:5:\\\"tries\\\";N;s:7:\\\"timeout\\\";N;s:17:\\\"shouldBeEncrypted\\\";b:0;s:10:\\\"connection\\\";N;s:5:\\\"queue\\\";N;s:15:\\\"chainConnection\\\";N;s:10:\\\"chainQueue\\\";N;s:19:\\\"chainCatchCallbacks\\\";N;s:5:\\\"delay\\\";N;s:11:\\\"afterCommit\\\";N;s:10:\\\"middleware\\\";a:0:{}s:7:\\\"chained\\\";a:0:{}}\"}}', 0, NULL, 1686092675, 1686092675),
(17, 'default', '{\"uuid\":\"4dc9a9a7-e2a7-40cf-a831-906372780ff4\",\"displayName\":\"App\\\\Mail\\\\SendMail\",\"job\":\"Illuminate\\\\Queue\\\\CallQueuedHandler@call\",\"maxTries\":null,\"maxExceptions\":null,\"failOnTimeout\":false,\"backoff\":null,\"timeout\":null,\"retryUntil\":null,\"data\":{\"commandName\":\"Illuminate\\\\Mail\\\\SendQueuedMailable\",\"command\":\"O:34:\\\"Illuminate\\\\Mail\\\\SendQueuedMailable\\\":13:{s:8:\\\"mailable\\\";O:17:\\\"App\\\\Mail\\\\SendMail\\\":28:{s:6:\\\"locale\\\";N;s:4:\\\"from\\\";a:0:{}s:2:\\\"to\\\";a:0:{}s:2:\\\"cc\\\";a:0:{}s:3:\\\"bcc\\\";a:0:{}s:7:\\\"replyTo\\\";a:0:{}s:7:\\\"subject\\\";N;s:8:\\\"markdown\\\";N;s:7:\\\"\\u0000*\\u0000html\\\";N;s:4:\\\"view\\\";N;s:8:\\\"textView\\\";N;s:8:\\\"viewData\\\";a:0:{}s:11:\\\"attachments\\\";a:0:{}s:14:\\\"rawAttachments\\\";a:0:{}s:15:\\\"diskAttachments\\\";a:0:{}s:9:\\\"callbacks\\\";a:0:{}s:5:\\\"theme\\\";N;s:6:\\\"mailer\\\";s:4:\\\"smtp\\\";s:29:\\\"\\u0000*\\u0000assertionableRenderStrings\\\";N;s:10:\\\"connection\\\";N;s:5:\\\"queue\\\";N;s:15:\\\"chainConnection\\\";N;s:10:\\\"chainQueue\\\";N;s:19:\\\"chainCatchCallbacks\\\";N;s:5:\\\"delay\\\";N;s:11:\\\"afterCommit\\\";N;s:10:\\\"middleware\\\";a:0:{}s:7:\\\"chained\\\";a:0:{}}s:5:\\\"tries\\\";N;s:7:\\\"timeout\\\";N;s:17:\\\"shouldBeEncrypted\\\";b:0;s:10:\\\"connection\\\";N;s:5:\\\"queue\\\";N;s:15:\\\"chainConnection\\\";N;s:10:\\\"chainQueue\\\";N;s:19:\\\"chainCatchCallbacks\\\";N;s:5:\\\"delay\\\";N;s:11:\\\"afterCommit\\\";N;s:10:\\\"middleware\\\";a:0:{}s:7:\\\"chained\\\";a:0:{}}\"}}', 0, NULL, 1686092803, 1686092803),
(18, 'default', '{\"uuid\":\"d3f22107-4920-4456-9994-131620b69912\",\"displayName\":\"App\\\\Mail\\\\SendMail\",\"job\":\"Illuminate\\\\Queue\\\\CallQueuedHandler@call\",\"maxTries\":null,\"maxExceptions\":null,\"failOnTimeout\":false,\"backoff\":null,\"timeout\":null,\"retryUntil\":null,\"data\":{\"commandName\":\"Illuminate\\\\Mail\\\\SendQueuedMailable\",\"command\":\"O:34:\\\"Illuminate\\\\Mail\\\\SendQueuedMailable\\\":13:{s:8:\\\"mailable\\\";O:17:\\\"App\\\\Mail\\\\SendMail\\\":28:{s:6:\\\"locale\\\";N;s:4:\\\"from\\\";a:0:{}s:2:\\\"to\\\";a:0:{}s:2:\\\"cc\\\";a:0:{}s:3:\\\"bcc\\\";a:0:{}s:7:\\\"replyTo\\\";a:0:{}s:7:\\\"subject\\\";N;s:8:\\\"markdown\\\";N;s:7:\\\"\\u0000*\\u0000html\\\";N;s:4:\\\"view\\\";N;s:8:\\\"textView\\\";N;s:8:\\\"viewData\\\";a:0:{}s:11:\\\"attachments\\\";a:0:{}s:14:\\\"rawAttachments\\\";a:0:{}s:15:\\\"diskAttachments\\\";a:0:{}s:9:\\\"callbacks\\\";a:0:{}s:5:\\\"theme\\\";N;s:6:\\\"mailer\\\";s:4:\\\"smtp\\\";s:29:\\\"\\u0000*\\u0000assertionableRenderStrings\\\";N;s:10:\\\"connection\\\";N;s:5:\\\"queue\\\";N;s:15:\\\"chainConnection\\\";N;s:10:\\\"chainQueue\\\";N;s:19:\\\"chainCatchCallbacks\\\";N;s:5:\\\"delay\\\";N;s:11:\\\"afterCommit\\\";N;s:10:\\\"middleware\\\";a:0:{}s:7:\\\"chained\\\";a:0:{}}s:5:\\\"tries\\\";N;s:7:\\\"timeout\\\";N;s:17:\\\"shouldBeEncrypted\\\";b:0;s:10:\\\"connection\\\";N;s:5:\\\"queue\\\";N;s:15:\\\"chainConnection\\\";N;s:10:\\\"chainQueue\\\";N;s:19:\\\"chainCatchCallbacks\\\";N;s:5:\\\"delay\\\";N;s:11:\\\"afterCommit\\\";N;s:10:\\\"middleware\\\";a:0:{}s:7:\\\"chained\\\";a:0:{}}\"}}', 0, NULL, 1686094122, 1686094122),
(19, 'default', '{\"uuid\":\"a7ec5c19-23bc-4d02-bda2-54f513676c99\",\"displayName\":\"App\\\\Mail\\\\SendMail\",\"job\":\"Illuminate\\\\Queue\\\\CallQueuedHandler@call\",\"maxTries\":null,\"maxExceptions\":null,\"failOnTimeout\":false,\"backoff\":null,\"timeout\":null,\"retryUntil\":null,\"data\":{\"commandName\":\"Illuminate\\\\Mail\\\\SendQueuedMailable\",\"command\":\"O:34:\\\"Illuminate\\\\Mail\\\\SendQueuedMailable\\\":13:{s:8:\\\"mailable\\\";O:17:\\\"App\\\\Mail\\\\SendMail\\\":28:{s:6:\\\"locale\\\";N;s:4:\\\"from\\\";a:0:{}s:2:\\\"to\\\";a:0:{}s:2:\\\"cc\\\";a:0:{}s:3:\\\"bcc\\\";a:0:{}s:7:\\\"replyTo\\\";a:0:{}s:7:\\\"subject\\\";N;s:8:\\\"markdown\\\";N;s:7:\\\"\\u0000*\\u0000html\\\";N;s:4:\\\"view\\\";N;s:8:\\\"textView\\\";N;s:8:\\\"viewData\\\";a:0:{}s:11:\\\"attachments\\\";a:0:{}s:14:\\\"rawAttachments\\\";a:0:{}s:15:\\\"diskAttachments\\\";a:0:{}s:9:\\\"callbacks\\\";a:0:{}s:5:\\\"theme\\\";N;s:6:\\\"mailer\\\";s:4:\\\"smtp\\\";s:29:\\\"\\u0000*\\u0000assertionableRenderStrings\\\";N;s:10:\\\"connection\\\";N;s:5:\\\"queue\\\";N;s:15:\\\"chainConnection\\\";N;s:10:\\\"chainQueue\\\";N;s:19:\\\"chainCatchCallbacks\\\";N;s:5:\\\"delay\\\";N;s:11:\\\"afterCommit\\\";N;s:10:\\\"middleware\\\";a:0:{}s:7:\\\"chained\\\";a:0:{}}s:5:\\\"tries\\\";N;s:7:\\\"timeout\\\";N;s:17:\\\"shouldBeEncrypted\\\";b:0;s:10:\\\"connection\\\";N;s:5:\\\"queue\\\";N;s:15:\\\"chainConnection\\\";N;s:10:\\\"chainQueue\\\";N;s:19:\\\"chainCatchCallbacks\\\";N;s:5:\\\"delay\\\";N;s:11:\\\"afterCommit\\\";N;s:10:\\\"middleware\\\";a:0:{}s:7:\\\"chained\\\";a:0:{}}\"}}', 0, NULL, 1686094182, 1686094182),
(20, 'default', '{\"uuid\":\"e187d383-4fd0-4b67-a492-c005d9bf86ea\",\"displayName\":\"App\\\\Mail\\\\SendMail\",\"job\":\"Illuminate\\\\Queue\\\\CallQueuedHandler@call\",\"maxTries\":null,\"maxExceptions\":null,\"failOnTimeout\":false,\"backoff\":null,\"timeout\":null,\"retryUntil\":null,\"data\":{\"commandName\":\"Illuminate\\\\Mail\\\\SendQueuedMailable\",\"command\":\"O:34:\\\"Illuminate\\\\Mail\\\\SendQueuedMailable\\\":13:{s:8:\\\"mailable\\\";O:17:\\\"App\\\\Mail\\\\SendMail\\\":28:{s:6:\\\"locale\\\";N;s:4:\\\"from\\\";a:0:{}s:2:\\\"to\\\";a:0:{}s:2:\\\"cc\\\";a:0:{}s:3:\\\"bcc\\\";a:0:{}s:7:\\\"replyTo\\\";a:0:{}s:7:\\\"subject\\\";N;s:8:\\\"markdown\\\";N;s:7:\\\"\\u0000*\\u0000html\\\";N;s:4:\\\"view\\\";N;s:8:\\\"textView\\\";N;s:8:\\\"viewData\\\";a:0:{}s:11:\\\"attachments\\\";a:0:{}s:14:\\\"rawAttachments\\\";a:0:{}s:15:\\\"diskAttachments\\\";a:0:{}s:9:\\\"callbacks\\\";a:0:{}s:5:\\\"theme\\\";N;s:6:\\\"mailer\\\";s:4:\\\"smtp\\\";s:29:\\\"\\u0000*\\u0000assertionableRenderStrings\\\";N;s:10:\\\"connection\\\";N;s:5:\\\"queue\\\";N;s:15:\\\"chainConnection\\\";N;s:10:\\\"chainQueue\\\";N;s:19:\\\"chainCatchCallbacks\\\";N;s:5:\\\"delay\\\";N;s:11:\\\"afterCommit\\\";N;s:10:\\\"middleware\\\";a:0:{}s:7:\\\"chained\\\";a:0:{}}s:5:\\\"tries\\\";N;s:7:\\\"timeout\\\";N;s:17:\\\"shouldBeEncrypted\\\";b:0;s:10:\\\"connection\\\";N;s:5:\\\"queue\\\";N;s:15:\\\"chainConnection\\\";N;s:10:\\\"chainQueue\\\";N;s:19:\\\"chainCatchCallbacks\\\";N;s:5:\\\"delay\\\";N;s:11:\\\"afterCommit\\\";N;s:10:\\\"middleware\\\";a:0:{}s:7:\\\"chained\\\";a:0:{}}\"}}', 0, NULL, 1686094420, 1686094420);

-- --------------------------------------------------------

--
-- Table structure for table `migrations`
--

CREATE TABLE `migrations` (
  `id` int(10) UNSIGNED NOT NULL,
  `migration` varchar(255) COLLATE utf8mb4_unicode_ci NOT NULL,
  `batch` int(11) NOT NULL
) ENGINE=InnoDB DEFAULT CHARSET=utf8mb4 COLLATE=utf8mb4_unicode_ci;

--
-- Dumping data for table `migrations`
--

INSERT INTO `migrations` (`id`, `migration`, `batch`) VALUES
(1, '2014_10_12_000000_create_users_table', 1),
(2, '2014_10_12_100000_create_password_resets_table', 1),
(3, '2019_08_19_000000_create_failed_jobs_table', 1),
(4, '2019_12_14_000001_create_personal_access_tokens_table', 1),
(5, '2023_06_03_233200_create_polls_table', 2),
(6, '2023_06_04_005351_create_options_table', 3),
(7, '2023_06_04_010206_create_votes_table', 4),
(8, '2023_06_05_095842_add_usertype_users_table', 5),
(9, '2023_06_05_155304_add_user_type_users_table', 6),
(10, '2023_06_06_101602_create_jobs_table', 7),
(11, '2023_06_06_183214_create_notifications_table', 8);

-- --------------------------------------------------------

--
-- Table structure for table `notifications`
--

CREATE TABLE `notifications` (
  `id` char(36) COLLATE utf8mb4_unicode_ci NOT NULL,
  `type` varchar(255) COLLATE utf8mb4_unicode_ci NOT NULL,
  `notifiable_type` varchar(255) COLLATE utf8mb4_unicode_ci NOT NULL,
  `notifiable_id` bigint(20) UNSIGNED NOT NULL,
  `data` text COLLATE utf8mb4_unicode_ci NOT NULL,
  `read_at` timestamp NULL DEFAULT NULL,
  `created_at` timestamp NULL DEFAULT NULL,
  `updated_at` timestamp NULL DEFAULT NULL
) ENGINE=InnoDB DEFAULT CHARSET=utf8mb4 COLLATE=utf8mb4_unicode_ci;

-- --------------------------------------------------------

--
-- Table structure for table `options`
--

CREATE TABLE `options` (
  `id` bigint(20) UNSIGNED NOT NULL,
  `poll_id` bigint(20) UNSIGNED NOT NULL,
  `name` varchar(255) COLLATE utf8mb4_unicode_ci NOT NULL,
  `slug` varchar(255) COLLATE utf8mb4_unicode_ci NOT NULL,
  `description` varchar(255) COLLATE utf8mb4_unicode_ci DEFAULT NULL,
  `created_at` timestamp NULL DEFAULT NULL,
  `updated_at` timestamp NULL DEFAULT NULL
) ENGINE=InnoDB DEFAULT CHARSET=utf8mb4 COLLATE=utf8mb4_unicode_ci;

--
-- Dumping data for table `options`
--

INSERT INTO `options` (`id`, `poll_id`, `name`, `slug`, `description`, `created_at`, `updated_at`) VALUES
(1, 1, 'Vote 1', 'vote-one', 'Vote one description', NULL, NULL),
(2, 1, 'Vote 2', 'vote-two', 'vote-two-description', NULL, NULL),
(3, 1, 'Vote 3', 'vote-three', 'vote-three-description', NULL, NULL),
(4, 1, 'Vote 4', 'vote-four', 'Vote four description', NULL, NULL);

-- --------------------------------------------------------

--
-- Table structure for table `password_resets`
--

CREATE TABLE `password_resets` (
  `email` varchar(255) COLLATE utf8mb4_unicode_ci NOT NULL,
  `token` varchar(255) COLLATE utf8mb4_unicode_ci NOT NULL,
  `created_at` timestamp NULL DEFAULT NULL
) ENGINE=InnoDB DEFAULT CHARSET=utf8mb4 COLLATE=utf8mb4_unicode_ci;

-- --------------------------------------------------------

--
-- Table structure for table `personal_access_tokens`
--

CREATE TABLE `personal_access_tokens` (
  `id` bigint(20) UNSIGNED NOT NULL,
  `tokenable_type` varchar(255) COLLATE utf8mb4_unicode_ci NOT NULL,
  `tokenable_id` bigint(20) UNSIGNED NOT NULL,
  `name` varchar(255) COLLATE utf8mb4_unicode_ci NOT NULL,
  `token` varchar(64) COLLATE utf8mb4_unicode_ci NOT NULL,
  `abilities` text COLLATE utf8mb4_unicode_ci,
  `last_used_at` timestamp NULL DEFAULT NULL,
  `created_at` timestamp NULL DEFAULT NULL,
  `updated_at` timestamp NULL DEFAULT NULL
) ENGINE=InnoDB DEFAULT CHARSET=utf8mb4 COLLATE=utf8mb4_unicode_ci;

--
-- Dumping data for table `personal_access_tokens`
--

INSERT INTO `personal_access_tokens` (`id`, `tokenable_type`, `tokenable_id`, `name`, `token`, `abilities`, `last_used_at`, `created_at`, `updated_at`) VALUES
(7, 'App\\Models\\User', 1, 'sanctum_token', '407c08b0d9ac0c84fb4861017332553da349a6a4112eb6bd5203b0db6220217d', '[\"*\"]', NULL, '2023-06-04 04:57:52', '2023-06-04 04:57:52');

-- --------------------------------------------------------

--
-- Table structure for table `polls`
--

CREATE TABLE `polls` (
  `poll_id` bigint(20) UNSIGNED NOT NULL,
  `user_id` bigint(20) UNSIGNED NOT NULL,
  `name` varchar(255) COLLATE utf8mb4_unicode_ci NOT NULL,
  `slug` varchar(255) COLLATE utf8mb4_unicode_ci NOT NULL,
  `description` varchar(255) COLLATE utf8mb4_unicode_ci DEFAULT NULL,
  `created_at` timestamp NULL DEFAULT NULL,
  `updated_at` timestamp NULL DEFAULT NULL
) ENGINE=InnoDB DEFAULT CHARSET=utf8mb4 COLLATE=utf8mb4_unicode_ci;

--
-- Dumping data for table `polls`
--

INSERT INTO `polls` (`poll_id`, `user_id`, `name`, `slug`, `description`, `created_at`, `updated_at`) VALUES
(1, 1, 'Vote Campain One', 'vote-campain-one', 'Voting description', NULL, NULL),
(2, 1, '\'hi\'', '\'ok\'', NULL, '2023-06-06 02:27:32', '2023-06-06 02:27:32');

-- --------------------------------------------------------

--
-- Table structure for table `users`
--

CREATE TABLE `users` (
  `id` bigint(20) UNSIGNED NOT NULL,
  `name` varchar(255) COLLATE utf8mb4_unicode_ci NOT NULL,
  `email` varchar(255) COLLATE utf8mb4_unicode_ci NOT NULL,
  `email_verified_at` timestamp NULL DEFAULT NULL,
  `password` varchar(255) COLLATE utf8mb4_unicode_ci NOT NULL,
  `remember_token` varchar(100) COLLATE utf8mb4_unicode_ci DEFAULT NULL,
  `created_at` timestamp NULL DEFAULT NULL,
  `updated_at` timestamp NULL DEFAULT NULL,
  `is_admin` smallint(6) NOT NULL
) ENGINE=InnoDB DEFAULT CHARSET=utf8mb4 COLLATE=utf8mb4_unicode_ci;

--
-- Dumping data for table `users`
--

INSERT INTO `users` (`id`, `name`, `email`, `email_verified_at`, `password`, `remember_token`, `created_at`, `updated_at`, `is_admin`) VALUES
(1, 'Altin', 'test@gmail.com', NULL, '$2y$10$liLoYkbJiZcHqWsf1Y9lCOLIsNuDz.anVV9.mi2zjnRRWJ0odwjO6', NULL, '2023-06-04 03:26:05', '2023-06-04 03:26:05', 1);

-- --------------------------------------------------------

--
-- Table structure for table `votes`
--

CREATE TABLE `votes` (
  `id` bigint(20) UNSIGNED NOT NULL,
  `option_id` bigint(20) UNSIGNED NOT NULL,
  `created_at` timestamp NULL DEFAULT NULL,
  `updated_at` timestamp NULL DEFAULT NULL
) ENGINE=InnoDB DEFAULT CHARSET=utf8mb4 COLLATE=utf8mb4_unicode_ci;

--
-- Dumping data for table `votes`
--

INSERT INTO `votes` (`id`, `option_id`, `created_at`, `updated_at`) VALUES
(1, 1, '2023-06-06 02:00:08', '2023-06-06 02:00:08'),
(2, 1, '2023-06-06 02:07:18', '2023-06-06 02:07:18'),
(3, 4, '2023-06-06 02:09:39', '2023-06-06 02:09:39'),
(4, 3, '2023-06-06 02:09:44', '2023-06-06 02:09:44'),
(5, 2, '2023-06-06 07:59:33', '2023-06-06 07:59:33'),
(6, 1, '2023-06-06 08:55:03', '2023-06-06 08:55:03'),
(7, 2, '2023-06-06 08:55:15', '2023-06-06 08:55:15'),
(8, 3, '2023-06-06 19:34:17', '2023-06-06 19:34:17'),
(9, 3, '2023-06-06 22:31:37', '2023-06-06 22:31:37'),
(10, 4, '2023-06-06 22:32:40', '2023-06-06 22:32:40'),
(11, 3, '2023-06-06 22:32:45', '2023-06-06 22:32:45'),
(12, 3, '2023-06-06 22:35:14', '2023-06-06 22:35:14');

--
-- Indexes for dumped tables
--

--
-- Indexes for table `failed_jobs`
--
ALTER TABLE `failed_jobs`
  ADD PRIMARY KEY (`id`),
  ADD UNIQUE KEY `failed_jobs_uuid_unique` (`uuid`);

--
-- Indexes for table `jobs`
--
ALTER TABLE `jobs`
  ADD PRIMARY KEY (`id`),
  ADD KEY `jobs_queue_index` (`queue`);

--
-- Indexes for table `migrations`
--
ALTER TABLE `migrations`
  ADD PRIMARY KEY (`id`);

--
-- Indexes for table `notifications`
--
ALTER TABLE `notifications`
  ADD PRIMARY KEY (`id`),
  ADD KEY `notifications_notifiable_type_notifiable_id_index` (`notifiable_type`,`notifiable_id`);

--
-- Indexes for table `options`
--
ALTER TABLE `options`
  ADD PRIMARY KEY (`id`),
  ADD KEY `options_poll_id_foreign` (`poll_id`);

--
-- Indexes for table `password_resets`
--
ALTER TABLE `password_resets`
  ADD KEY `password_resets_email_index` (`email`);

--
-- Indexes for table `personal_access_tokens`
--
ALTER TABLE `personal_access_tokens`
  ADD PRIMARY KEY (`id`),
  ADD UNIQUE KEY `personal_access_tokens_token_unique` (`token`),
  ADD KEY `personal_access_tokens_tokenable_type_tokenable_id_index` (`tokenable_type`,`tokenable_id`);

--
-- Indexes for table `polls`
--
ALTER TABLE `polls`
  ADD PRIMARY KEY (`poll_id`),
  ADD KEY `polls_user_id_foreign` (`user_id`);

--
-- Indexes for table `users`
--
ALTER TABLE `users`
  ADD PRIMARY KEY (`id`),
  ADD UNIQUE KEY `users_email_unique` (`email`);

--
-- Indexes for table `votes`
--
ALTER TABLE `votes`
  ADD PRIMARY KEY (`id`),
  ADD KEY `votes_option_id_foreign` (`option_id`);

--
-- AUTO_INCREMENT for dumped tables
--

--
-- AUTO_INCREMENT for table `failed_jobs`
--
ALTER TABLE `failed_jobs`
  MODIFY `id` bigint(20) UNSIGNED NOT NULL AUTO_INCREMENT;

--
-- AUTO_INCREMENT for table `jobs`
--
ALTER TABLE `jobs`
  MODIFY `id` bigint(20) UNSIGNED NOT NULL AUTO_INCREMENT, AUTO_INCREMENT=21;

--
-- AUTO_INCREMENT for table `migrations`
--
ALTER TABLE `migrations`
  MODIFY `id` int(10) UNSIGNED NOT NULL AUTO_INCREMENT, AUTO_INCREMENT=12;

--
-- AUTO_INCREMENT for table `options`
--
ALTER TABLE `options`
  MODIFY `id` bigint(20) UNSIGNED NOT NULL AUTO_INCREMENT, AUTO_INCREMENT=5;

--
-- AUTO_INCREMENT for table `personal_access_tokens`
--
ALTER TABLE `personal_access_tokens`
  MODIFY `id` bigint(20) UNSIGNED NOT NULL AUTO_INCREMENT, AUTO_INCREMENT=8;

--
-- AUTO_INCREMENT for table `polls`
--
ALTER TABLE `polls`
  MODIFY `poll_id` bigint(20) UNSIGNED NOT NULL AUTO_INCREMENT, AUTO_INCREMENT=3;

--
-- AUTO_INCREMENT for table `users`
--
ALTER TABLE `users`
  MODIFY `id` bigint(20) UNSIGNED NOT NULL AUTO_INCREMENT, AUTO_INCREMENT=2;

--
-- AUTO_INCREMENT for table `votes`
--
ALTER TABLE `votes`
  MODIFY `id` bigint(20) UNSIGNED NOT NULL AUTO_INCREMENT, AUTO_INCREMENT=13;

--
-- Constraints for dumped tables
--

--
-- Constraints for table `options`
--
ALTER TABLE `options`
  ADD CONSTRAINT `options_poll_id_foreign` FOREIGN KEY (`poll_id`) REFERENCES `polls` (`poll_id`) ON DELETE CASCADE;

--
-- Constraints for table `polls`
--
ALTER TABLE `polls`
  ADD CONSTRAINT `polls_user_id_foreign` FOREIGN KEY (`user_id`) REFERENCES `users` (`id`) ON DELETE CASCADE;

--
-- Constraints for table `votes`
--
ALTER TABLE `votes`
  ADD CONSTRAINT `votes_option_id_foreign` FOREIGN KEY (`option_id`) REFERENCES `options` (`id`) ON DELETE CASCADE;
COMMIT;

/*!40101 SET CHARACTER_SET_CLIENT=@OLD_CHARACTER_SET_CLIENT */;
/*!40101 SET CHARACTER_SET_RESULTS=@OLD_CHARACTER_SET_RESULTS */;
/*!40101 SET COLLATION_CONNECTION=@OLD_COLLATION_CONNECTION */;
